mgrs_code,geometry,state_name
43QGD,POLYGON ((75.0 23.0, 76.0 23.0, 76.0 24.0, 75.0 24.0, 75.0 23.0)),Gujarat
43QGE,POLYGON ((76.0 23.0, 77.0 23.0, 77.0 24.0, 76.0 24.0, 76.0 23.0)),Gujarat
43QGF,POLYGON ((77.0 23.0, 78.0 23.0, 78.0 24.0, 77.0 24.0, 77.0 23.0)),Gujarat
43QHD,POLYGON ((75.0 24.0, 76.0 24.0, 76.0 25.0, 75.0 25.0, 75.0 24.0)),Gujarat
43QHE,POLYGON ((76.0 24.0, 77.0 24.0, 77.0 25.0, 76.0 25.0, 76.0 24.0)),Gujarat
43QHF,POLYGON ((77.0 24.0, 78.0 24.0, 78.0 25.0, 77.0 25.0, 77.0 24.0)),Gujarat
43QJD,POLYGON ((75.0 25.0, 76.0 25.0, 76.0 26.0, 75.0 26.0, 75.0 25.0)),Gujarat
43QJE,POLYGON ((76.0 25.0, 77.0 25.0, 77.0 26.0, 76.0 26.0, 76.0 25.0)),Gujarat
43QJF,POLYGON ((77.0 25.0, 78.0 25.0, 78.0 26.0, 77.0 26.0, 77.0 25.0)),Gujarat
43QKD,POLYGON ((75.0 26.0, 76.0 26.0, 76.0 27.0, 75.0 27.0, 75.0 26.0)),Gujarat
43QKE,POLYGON ((76.0 26.0, 77.0 26.0, 77.0 27.0, 76.0 27.0, 76.0 26.0)),Gujarat
43QLD,POLYGON ((75.0 27.0, 76.0 27.0, 76.0 28.0, 75.0 28.0, 75.0 27.0)),Gujarat
43QLE,POLYGON ((76.0 27.0, 77.0 27.0, 77.0 28.0, 76.0 28.0, 76.0 27.0)),Gujarat
43QMD,POLYGON ((75.0 28.0, 76.0 28.0, 76.0 29.0, 75.0 29.0, 75.0 28.0)),Gujarat
43QFD,POLYGON ((75.0 22.0, 76.0 22.0, 76.0 23.0, 75.0 23.0, 75.0 22.0)),Gujarat
43QFE,POLYGON ((76.0 22.0, 77.0 22.0, 77.0 23.0, 76.0 23.0, 76.0 22.0)),Gujarat
43QED,POLYGON ((75.0 21.0, 76.0 21.0, 76.0 22.0, 75.0 22.0, 75.0 21.0)),Gujarat
43QEE,POLYGON ((76.0 21.0, 77.0 21.0, 77.0 22.0, 76.0 22.0, 76.0 21.0)),Gujarat
43QDD,POLYGON ((75.0 20.0, 76.0 20.0, 76.0 21.0, 75.0 21.0, 75.0 20.0)),Gujarat
43QDE,POLYGON ((76.0 20.0, 77.0 20.0, 77.0 21.0, 76.0 21.0, 76.0 20.0)),Gujarat
43QCD,POLYGON ((75.0 19.0, 76.0 19.0, 76.0 20.0, 75.0 20.0, 75.0 19.0)),Gujarat
43QCE,POLYGON ((76.0 19.0, 77.0 19.0, 77.0 20.0, 76.0 20.0, 76.0 19.0)),Gujarat
43PBT,POLYGON ((68.0 18.0, 69.0 18.0, 69.0 19.0, 68.0 19.0, 68.0 18.0)),Gujarat
43PBU,POLYGON ((69.0 18.0, 70.0 18.0, 70.0 19.0, 69.0 19.0, 69.0 18.0)),Gujarat
43PBV,POLYGON ((70.0 18.0, 71.0 18.0, 71.0 19.0, 70.0 19.0, 70.0 18.0)),Gujarat
43QBD,POLYGON ((75.0 18.0, 76.0 18.0, 76.0 19.0, 75.0 19.0, 75.0 18.0)),Gujarat
43QBE,POLYGON ((76.0 18.0, 77.0 18.0, 77.0 19.0, 76.0 19.0, 76.0 18.0)),Gujarat
43QAD,POLYGON ((75.0 17.0, 76.0 17.0, 76.0 18.0, 75.0 18.0, 75.0 17.0)),Gujarat
43QAE,POLYGON ((76.0 17.0, 77.0 17.0, 77.0 18.0, 76.0 18.0, 76.0 17.0)),Gujarat
43PZT,POLYGON ((68.0 16.0, 69.0 16.0, 69.0 17.0, 68.0 17.0, 68.0 16.0)),Gujarat
43RGE,POLYGON ((76.0 23.0, 77.0 23.0, 77.0 24.0, 76.0 24.0, 76.0 23.0)),Rajasthan
43RGF,POLYGON ((77.0 23.0, 78.0 23.0, 78.0 24.0, 77.0 24.0, 77.0 23.0)),Rajasthan
43RGG,POLYGON ((78.0 23.0, 79.0 23.0, 79.0 24.0, 78.0 24.0, 78.0 23.0)),Rajasthan
43RHE,POLYGON ((76.0 24.0, 77.0 24.0, 77.0 25.0, 76.0 25.0, 76.0 24.0)),Rajasthan
43RHF,POLYGON ((77.0 24.0, 78.0 24.0, 78.0 25.0, 77.0 25.0, 77.0 24.0)),Rajasthan
43RHG,POLYGON ((78.0 24.0, 79.0 24.0, 79.0 25.0, 78.0 25.0, 78.0 24.0)),Rajasthan
43RJE,POLYGON ((76.0 25.0, 77.0 25.0, 77.0 26.0, 76.0 26.0, 76.0 25.0)),Rajasthan
43RJF,POLYGON ((77.0 25.0, 78.0 25.0, 78.0 26.0, 77.0 26.0, 77.0 25.0)),Rajasthan
43RJG,POLYGON ((78.0 25.0, 79.0 25.0, 79.0 26.0, 78.0 26.0, 78.0 25.0)),Rajasthan
43RKE,POLYGON ((76.0 26.0, 77.0 26.0, 77.0 27.0, 76.0 27.0, 76.0 26.0)),Rajasthan
43RKF,POLYGON ((77.0 26.0, 78.0 26.0, 78.0 27.0, 77.0 27.0, 77.0 26.0)),Rajasthan
43RKG,POLYGON ((78.0 26.0, 79.0 26.0, 79.0 27.0, 78.0 27.0, 78.0 26.0)),Rajasthan
43RLE,POLYGON ((76.0 27.0, 77.0 27.0, 77.0 28.0, 76.0 28.0, 76.0 27.0)),Rajasthan
43RLF,POLYGON ((77.0 27.0, 78.0 27.0, 78.0 28.0, 77.0 28.0, 77.0 27.0)),Rajasthan
43RLG,POLYGON ((78.0 27.0, 79.0 27.0, 79.0 28.0, 78.0 28.0, 78.0 27.0)),Rajasthan
43RME,POLYGON ((76.0 28.0, 77.0 28.0, 77.0 29.0, 76.0 29.0, 76.0 28.0)),Rajasthan
43RMF,POLYGON ((77.0 28.0, 78.0 28.0, 78.0 29.0, 77.0 29.0, 77.0 28.0)),Rajasthan
43RMG,POLYGON ((78.0 28.0, 79.0 28.0, 79.0 29.0, 78.0 29.0, 78.0 28.0)),Rajasthan
43RNE,POLYGON ((76.0 29.0, 77.0 29.0, 77.0 30.0, 76.0 30.0, 76.0 29.0)),Rajasthan
43RNF,POLYGON ((77.0 29.0, 78.0 29.0, 78.0 30.0, 77.0 30.0, 77.0 29.0)),Rajasthan
43RNG,POLYGON ((78.0 29.0, 79.0 29.0, 79.0 30.0, 78.0 30.0, 78.0 29.0)),Rajasthan
43QPE,POLYGON ((76.0 30.0, 77.0 30.0, 77.0 31.0, 76.0 31.0, 76.0 30.0)),Rajasthan
43QPF,POLYGON ((77.0 30.0, 78.0 30.0, 78.0 31.0, 77.0 31.0, 77.0 30.0)),Rajasthan
42RWQ,POLYGON ((69.0 30.0, 70.0 30.0, 70.0 31.0, 69.0 31.0, 69.0 30.0)),Rajasthan
42RWR,POLYGON ((70.0 30.0, 71.0 30.0, 71.0 31.0, 70.0 31.0, 70.0 30.0)),Rajasthan
42RWS,POLYGON ((71.0 30.0, 72.0 30.0, 72.0 31.0, 71.0 31.0, 71.0 30.0)),Rajasthan
42RWT,POLYGON ((72.0 30.0, 73.0 30.0, 73.0 31.0, 72.0 31.0, 72.0 30.0)),Rajasthan
42RWU,POLYGON ((73.0 30.0, 74.0 30.0, 74.0 31.0, 73.0 31.0, 73.0 30.0)),Rajasthan
42RWV,POLYGON ((74.0 30.0, 75.0 30.0, 75.0 31.0, 74.0 31.0, 74.0 30.0)),Rajasthan
42RXQ,POLYGON ((69.0 31.0, 70.0 31.0, 70.0 32.0, 69.0 32.0, 69.0 31.0)),Rajasthan
42RXR,POLYGON ((70.0 31.0, 71.0 31.0, 71.0 32.0, 70.0 32.0, 70.0 31.0)),Rajasthan
42RXS,POLYGON ((71.0 31.0, 72.0 31.0, 72.0 32.0, 71.0 32.0, 71.0 31.0)),Rajasthan
42RXT,POLYGON ((72.0 31.0, 73.0 31.0, 73.0 32.0, 72.0 32.0, 72.0 31.0)),Rajasthan
42RXU,POLYGON ((73.0 31.0, 74.0 31.0, 74.0 32.0, 73.0 32.0, 73.0 31.0)),Rajasthan
42RXV,POLYGON ((74.0 31.0, 75.0 31.0, 75.0 32.0, 74.0 32.0, 74.0 31.0)),Rajasthan
42RYQ,POLYGON ((69.0 32.0, 70.0 32.0, 70.0 33.0, 69.0 33.0, 69.0 32.0)),Rajasthan
42RYR,POLYGON ((70.0 32.0, 71.0 32.0, 71.0 33.0, 70.0 33.0, 70.0 32.0)),Rajasthan
42RYS,POLYGON ((71.0 32.0, 72.0 32.0, 72.0 33.0, 71.0 33.0, 71.0 32.0)),Rajasthan
42RYT,POLYGON ((72.0 32.0, 73.0 32.0, 73.0 33.0, 72.0 33.0, 72.0 32.0)),Rajasthan
42RYU,POLYGON ((73.0 32.0, 74.0 32.0, 74.0 33.0, 73.0 33.0, 73.0 32.0)),Rajasthan
42RYV,POLYGON ((74.0 32.0, 75.0 32.0, 75.0 33.0, 74.0 33.0, 74.0 32.0)),Rajasthan
43RFD,POLYGON ((75.0 22.0, 76.0 22.0, 76.0 23.0, 75.0 23.0, 75.0 22.0)),Rajasthan
43RFE,POLYGON ((76.0 22.0, 77.0 22.0, 77.0 23.0, 76.0 23.0, 76.0 22.0)),Rajasthan
43RFF,POLYGON ((77.0 22.0, 78.0 22.0, 78.0 23.0, 77.0 23.0, 77.0 22.0)),Rajasthan
42RVP,POLYGON ((68.0 29.0, 69.0 29.0, 69.0 30.0, 68.0 30.0, 68.0 29.0)),Rajasthan
42RVQ,POLYGON ((69.0 29.0, 70.0 29.0, 70.0 30.0, 69.0 30.0, 69.0 29.0)),Rajasthan
42RVR,POLYGON ((70.0 29.0, 71.0 29.0, 71.0 30.0, 70.0 30.0, 70.0 29.0)),Rajasthan
42RVS,POLYGON ((71.0 29.0, 72.0 29.0, 72.0 30.0, 71.0 30.0, 71.0 29.0)),Rajasthan
42RVT,POLYGON ((72.0 29.0, 73.0 29.0, 73.0 30.0, 72.0 30.0, 72.0 29.0)),Rajasthan
42RVU,POLYGON ((73.0 29.0, 74.0 29.0, 74.0 30.0, 73.0 30.0, 73.0 29.0)),Rajasthan
42RVV,POLYGON ((74.0 29.0, 75.0 29.0, 75.0 30.0, 74.0 30.0, 74.0 29.0)),Rajasthan
42RUP,POLYGON ((68.0 28.0, 69.0 28.0, 69.0 29.0, 68.0 29.0, 68.0 28.0)),Rajasthan
42RUQ,POLYGON ((69.0 28.0, 70.0 28.0, 70.0 29.0, 69.0 29.0, 69.0 28.0)),Rajasthan
42RUR,POLYGON ((70.0 28.0, 71.0 28.0, 71.0 29.0, 70.0 29.0, 70.0 28.0)),Rajasthan
42RUS,POLYGON ((71.0 28.0, 72.0 28.0, 72.0 29.0, 71.0 29.0, 71.0 28.0)),Rajasthan
42RUT,POLYGON ((72.0 28.0, 73.0 28.0, 73.0 29.0, 72.0 29.0, 72.0 28.0)),Rajasthan
42RUU,POLYGON ((73.0 28.0, 74.0 28.0, 74.0 29.0, 73.0 29.0, 73.0 28.0)),Rajasthan
42RUV,POLYGON ((74.0 28.0, 75.0 28.0, 75.0 29.0, 74.0 29.0, 74.0 28.0)),Rajasthan
42RTP,POLYGON ((68.0 27.0, 69.0 27.0, 69.0 28.0, 68.0 28.0, 68.0 27.0)),Rajasthan
42RTQ,POLYGON ((69.0 27.0, 70.0 27.0, 70.0 28.0, 69.0 28.0, 69.0 27.0)),Rajasthan
42RTR,POLYGON ((70.0 27.0, 71.0 27.0, 71.0 28.0, 70.0 28.0, 70.0 27.0)),Rajasthan
42RTS,POLYGON ((71.0 27.0, 72.0 27.0, 72.0 28.0, 71.0 28.0, 71.0 27.0)),Rajasthan
42RTT,POLYGON ((72.0 27.0, 73.0 27.0, 73.0 28.0, 72.0 28.0, 72.0 27.0)),Rajasthan
42RTU,POLYGON ((73.0 27.0, 74.0 27.0, 74.0 28.0, 73.0 28.0, 73.0 27.0)),Rajasthan
42RTV,POLYGON ((74.0 27.0, 75.0 27.0, 75.0 28.0, 74.0 28.0, 74.0 27.0)),Rajasthan
42RSP,POLYGON ((68.0 26.0, 69.0 26.0, 69.0 27.0, 68.0 27.0, 68.0 26.0)),Rajasthan
42RSQ,POLYGON ((69.0 26.0, 70.0 26.0, 70.0 27.0, 69.0 27.0, 69.0 26.0)),Rajasthan
42RSR,POLYGON ((70.0 26.0, 71.0 26.0, 71.0 27.0, 70.0 27.0, 70.0 26.0)),Rajasthan
42RSS,POLYGON ((71.0 26.0, 72.0 26.0, 72.0 27.0, 71.0 27.0, 71.0 26.0)),Rajasthan
42RST,POLYGON ((72.0 26.0, 73.0 26.0, 73.0 27.0, 72.0 27.0, 72.0 26.0)),Rajasthan
42RSU,POLYGON ((73.0 26.0, 74.0 26.0, 74.0 27.0, 73.0 27.0, 73.0 26.0)),Rajasthan
42RSV,POLYGON ((74.0 26.0, 75.0 26.0, 75.0 27.0, 74.0 27.0, 74.0 26.0)),Rajasthan
42RRP,POLYGON ((68.0 25.0, 69.0 25.0, 69.0 26.0, 68.0 26.0, 68.0 25.0)),Rajasthan
42RRQ,POLYGON ((69.0 25.0, 70.0 25.0, 70.0 26.0, 69.0 26.0, 69.0 25.0)),Rajasthan
42RRR,POLYGON ((70.0 25.0, 71.0 25.0, 71.0 26.0, 70.0 26.0, 70.0 25.0)),Rajasthan
42RRS,POLYGON ((71.0 25.0, 72.0 25.0, 72.0 26.0, 71.0 26.0, 71.0 25.0)),Rajasthan
42RRT,POLYGON ((72.0 25.0, 73.0 25.0, 73.0 26.0, 72.0 26.0, 72.0 25.0)),Rajasthan
42RRU,POLYGON ((73.0 25.0, 74.0 25.0, 74.0 26.0, 73.0 26.0, 73.0 25.0)),Rajasthan
42RRV,POLYGON ((74.0 25.0, 75.0 25.0, 75.0 26.0, 74.0 26.0, 74.0 25.0)),Rajasthan
42RQP,POLYGON ((68.0 24.0, 69.0 24.0, 69.0 25.0, 68.0 25.0, 68.0 24.0)),Rajasthan
42RQQ,POLYGON ((69.0 24.0, 70.0 24.0, 70.0 25.0, 69.0 25.0, 69.0 24.0)),Rajasthan
42RQR,POLYGON ((70.0 24.0, 71.0 24.0, 71.0 25.0, 70.0 25.0, 70.0 24.0)),Rajasthan
42RQS,POLYGON ((71.0 24.0, 72.0 24.0, 72.0 25.0, 71.0 25.0, 71.0 24.0)),Rajasthan
42RQT,POLYGON ((72.0 24.0, 73.0 24.0, 73.0 25.0, 72.0 25.0, 72.0 24.0)),Rajasthan
42RQU,POLYGON ((73.0 24.0, 74.0 24.0, 74.0 25.0, 73.0 25.0, 73.0 24.0)),Rajasthan
42RQV,POLYGON ((74.0 24.0, 75.0 24.0, 75.0 25.0, 74.0 25.0, 74.0 24.0)),Rajasthan
43SGH,POLYGON ((78.0 23.0, 79.0 23.0, 79.0 24.0, 78.0 24.0, 78.0 23.0)),Madhya Pradesh
43SHH,POLYGON ((78.0 24.0, 79.0 24.0, 79.0 25.0, 78.0 25.0, 78.0 24.0)),Madhya Pradesh
43SJH,POLYGON ((78.0 25.0, 79.0 25.0, 79.0 26.0, 78.0 26.0, 78.0 25.0)),Madhya Pradesh
43SKH,POLYGON ((78.0 26.0, 79.0 26.0, 79.0 27.0, 78.0 27.0, 78.0 26.0)),Madhya Pradesh
43SLH,POLYGON ((78.0 27.0, 79.0 27.0, 79.0 28.0, 78.0 28.0, 78.0 27.0)),Madhya Pradesh
43SGG,POLYGON ((77.0 23.0, 78.0 23.0, 78.0 24.0, 77.0 24.0, 77.0 23.0)),Madhya Pradesh
43SHG,POLYGON ((77.0 24.0, 78.0 24.0, 78.0 25.0, 77.0 25.0, 77.0 24.0)),Madhya Pradesh
43SJG,POLYGON ((77.0 25.0, 78.0 25.0, 78.0 26.0, 77.0 26.0, 77.0 25.0)),Madhya Pradesh
43SKG,POLYGON ((77.0 26.0, 78.0 26.0, 78.0 27.0, 77.0 27.0, 77.0 26.0)),Madhya Pradesh
43SLG,POLYGON ((77.0 27.0, 78.0 27.0, 78.0 28.0, 77.0 28.0, 77.0 27.0)),Madhya Pradesh
43SFF,POLYGON ((76.0 22.0, 77.0 22.0, 77.0 23.0, 76.0 23.0, 76.0 22.0)),Madhya Pradesh
43SFG,POLYGON ((77.0 22.0, 78.0 22.0, 78.0 23.0, 77.0 23.0, 77.0 22.0)),Madhya Pradesh
43SFH,POLYGON ((78.0 22.0, 79.0 22.0, 79.0 23.0, 78.0 23.0, 78.0 22.0)),Madhya Pradesh
43SEF,POLYGON ((76.0 21.0, 77.0 21.0, 77.0 22.0, 76.0 22.0, 76.0 21.0)),Madhya Pradesh
43SEG,POLYGON ((77.0 21.0, 78.0 21.0, 78.0 22.0, 77.0 22.0, 77.0 21.0)),Madhya Pradesh
43SEH,POLYGON ((78.0 21.0, 79.0 21.0, 79.0 22.0, 78.0 22.0, 78.0 21.0)),Madhya Pradesh
43SDF,POLYGON ((76.0 20.0, 77.0 20.0, 77.0 21.0, 76.0 21.0, 76.0 20.0)),Madhya Pradesh
43SDG,POLYGON ((77.0 20.0, 78.0 20.0, 78.0 21.0, 77.0 21.0, 77.0 20.0)),Madhya Pradesh
43SDH,POLYGON ((78.0 20.0, 79.0 20.0, 79.0 21.0, 78.0 21.0, 78.0 20.0)),Madhya Pradesh
43SCF,POLYGON ((76.0 19.0, 77.0 19.0, 77.0 20.0, 76.0 20.0, 76.0 19.0)),Madhya Pradesh
43SCG,POLYGON ((77.0 19.0, 78.0 19.0, 78.0 20.0, 77.0 20.0, 77.0 19.0)),Madhya Pradesh
43SCH,POLYGON ((78.0 19.0, 79.0 19.0, 79.0 20.0, 78.0 20.0, 78.0 19.0)),Madhya Pradesh
43SBF,POLYGON ((76.0 18.0, 77.0 18.0, 77.0 19.0, 76.0 19.0, 76.0 18.0)),Madhya Pradesh
43SBG,POLYGON ((77.0 18.0, 78.0 18.0, 78.0 19.0, 77.0 19.0, 77.0 18.0)),Madhya Pradesh
43SBH,POLYGON ((78.0 18.0, 79.0 18.0, 79.0 19.0, 78.0 19.0, 78.0 18.0)),Madhya Pradesh
44QKJ,POLYGON ((79.0 26.0, 80.0 26.0, 80.0 27.0, 79.0 27.0, 79.0 26.0)),Uttar Pradesh
44QLJ,POLYGON ((79.0 27.0, 80.0 27.0, 80.0 28.0, 79.0 28.0, 79.0 27.0)),Uttar Pradesh
44QMJ,POLYGON ((79.0 28.0, 80.0 28.0, 80.0 29.0, 79.0 29.0, 79.0 28.0)),Uttar Pradesh
44QNJ,POLYGON ((79.0 29.0, 80.0 29.0, 80.0 30.0, 79.0 30.0, 79.0 29.0)),Uttar Pradesh
44QPJ,POLYGON ((79.0 30.0, 80.0 30.0, 80.0 31.0, 79.0 31.0, 79.0 30.0)),Uttar Pradesh
44QQJ,POLYGON ((79.0 31.0, 80.0 31.0, 80.0 32.0, 79.0 32.0, 79.0 31.0)),Uttar Pradesh
44QKK,POLYGON ((80.0 26.0, 81.0 26.0, 81.0 27.0, 80.0 27.0, 80.0 26.0)),Uttar Pradesh
44QLK,POLYGON ((80.0 27.0, 81.0 27.0, 81.0 28.0, 80.0 28.0, 80.0 27.0)),Uttar Pradesh
44QMK,POLYGON ((80.0 28.0, 81.0 28.0, 81.0 29.0, 80.0 29.0, 80.0 28.0)),Uttar Pradesh
44QNK,POLYGON ((80.0 29.0, 81.0 29.0, 81.0 30.0, 80.0 30.0, 80.0 29.0)),Uttar Pradesh
44QPK,POLYGON ((80.0 30.0, 81.0 30.0, 81.0 31.0, 80.0 31.0, 80.0 30.0)),Uttar Pradesh
44QQK,POLYGON ((80.0 31.0, 81.0 31.0, 81.0 32.0, 80.0 32.0, 80.0 31.0)),Uttar Pradesh
44QKL,POLYGON ((81.0 26.0, 82.0 26.0, 82.0 27.0, 81.0 27.0, 81.0 26.0)),Uttar Pradesh
44QLL,POLYGON ((81.0 27.0, 82.0 27.0, 82.0 28.0, 81.0 28.0, 81.0 27.0)),Uttar Pradesh
44QML,POLYGON ((81.0 28.0, 82.0 28.0, 82.0 29.0, 81.0 29.0, 81.0 28.0)),Uttar Pradesh
44QNL,POLYGON ((81.0 29.0, 82.0 29.0, 82.0 30.0, 81.0 30.0, 81.0 29.0)),Uttar Pradesh
44QPL,POLYGON ((81.0 30.0, 82.0 30.0, 82.0 31.0, 81.0 31.0, 81.0 30.0)),Uttar Pradesh
44QQL,POLYGON ((81.0 31.0, 82.0 31.0, 82.0 32.0, 81.0 32.0, 81.0 31.0)),Uttar Pradesh
44QKM,POLYGON ((82.0 26.0, 83.0 26.0, 83.0 27.0, 82.0 27.0, 82.0 26.0)),Uttar Pradesh
44QLM,POLYGON ((82.0 27.0, 83.0 27.0, 83.0 28.0, 82.0 28.0, 82.0 27.0)),Uttar Pradesh
44QMM,POLYGON ((82.0 28.0, 83.0 28.0, 83.0 29.0, 82.0 29.0, 82.0 28.0)),Uttar Pradesh
44QNM,POLYGON ((82.0 29.0, 83.0 29.0, 83.0 30.0, 82.0 30.0, 82.0 29.0)),Uttar Pradesh
44QPM,POLYGON ((82.0 30.0, 83.0 30.0, 83.0 31.0, 82.0 31.0, 82.0 30.0)),Uttar Pradesh
44QQM,POLYGON ((82.0 31.0, 83.0 31.0, 83.0 32.0, 82.0 32.0, 82.0 31.0)),Uttar Pradesh
44QKN,POLYGON ((83.0 26.0, 84.0 26.0, 84.0 27.0, 83.0 27.0, 83.0 26.0)),Uttar Pradesh
44QLN,POLYGON ((83.0 27.0, 84.0 27.0, 84.0 28.0, 83.0 28.0, 83.0 27.0)),Uttar Pradesh
44QMN,POLYGON ((83.0 28.0, 84.0 28.0, 84.0 29.0, 83.0 29.0, 83.0 28.0)),Uttar Pradesh
44QNN,POLYGON ((83.0 29.0, 84.0 29.0, 84.0 30.0, 83.0 30.0, 83.0 29.0)),Uttar Pradesh
44QPN,POLYGON ((83.0 30.0, 84.0 30.0, 84.0 31.0, 83.0 31.0, 83.0 30.0)),Uttar Pradesh
44QQN,POLYGON ((83.0 31.0, 84.0 31.0, 84.0 32.0, 83.0 32.0, 83.0 31.0)),Uttar Pradesh
44RKP,POLYGON ((84.0 26.0, 85.0 26.0, 85.0 27.0, 84.0 27.0, 84.0 26.0)),Bihar
44RLP,POLYGON ((84.0 27.0, 85.0 27.0, 85.0 28.0, 84.0 28.0, 84.0 27.0)),Bihar
44RMP,POLYGON ((84.0 28.0, 85.0 28.0, 85.0 29.0, 84.0 29.0, 84.0 28.0)),Bihar
44RNP,POLYGON ((84.0 29.0, 85.0 29.0, 85.0 30.0, 84.0 30.0, 84.0 29.0)),Bihar
44RKQ,POLYGON ((85.0 26.0, 86.0 26.0, 86.0 27.0, 85.0 27.0, 85.0 26.0)),Bihar
44RLQ,POLYGON ((85.0 27.0, 86.0 27.0, 86.0 28.0, 85.0 28.0, 85.0 27.0)),Bihar
44RMQ,POLYGON ((85.0 28.0, 86.0 28.0, 86.0 29.0, 85.0 29.0, 85.0 28.0)),Bihar
44RNQ,POLYGON ((85.0 29.0, 86.0 29.0, 86.0 30.0, 85.0 30.0, 85.0 29.0)),Bihar
44RKR,POLYGON ((86.0 26.0, 87.0 26.0, 87.0 27.0, 86.0 27.0, 86.0 26.0)),Bihar
44RLR,POLYGON ((86.0 27.0, 87.0 27.0, 87.0 28.0, 86.0 28.0, 86.0 27.0)),Bihar
44RMR,POLYGON ((86.0 28.0, 87.0 28.0, 87.0 29.0, 86.0 29.0, 86.0 28.0)),Bihar
44RNR,POLYGON ((86.0 29.0, 87.0 29.0, 87.0 30.0, 86.0 30.0, 86.0 29.0)),Bihar
44RKS,POLYGON ((87.0 26.0, 88.0 26.0, 88.0 27.0, 87.0 27.0, 87.0 26.0)),West Bengal
44RLS,POLYGON ((87.0 27.0, 88.0 27.0, 88.0 28.0, 87.0 28.0, 87.0 27.0)),West Bengal
44RMS,POLYGON ((87.0 28.0, 88.0 28.0, 88.0 29.0, 87.0 29.0, 87.0 28.0)),West Bengal
44RNS,POLYGON ((87.0 29.0, 88.0 29.0, 88.0 30.0, 87.0 30.0, 87.0 29.0)),West Bengal
44RKT,POLYGON ((88.0 26.0, 89.0 26.0, 89.0 27.0, 88.0 27.0, 88.0 26.0)),West Bengal
44RLT,POLYGON ((88.0 27.0, 89.0 27.0, 89.0 28.0, 88.0 28.0, 88.0 27.0)),West Bengal
44RMT,POLYGON ((88.0 28.0, 89.0 28.0, 89.0 29.0, 88.0 29.0, 88.0 28.0)),West Bengal
44RNT,POLYGON ((88.0 29.0, 89.0 29.0, 89.0 30.0, 88.0 30.0, 88.0 29.0)),West Bengal
44RKU,POLYGON ((89.0 26.0, 90.0 26.0, 90.0 27.0, 89.0 27.0, 89.0 26.0)),Assam
44RLU,POLYGON ((89.0 27.0, 90.0 27.0, 90.0 28.0, 89.0 28.0, 89.0 27.0)),Assam
44RMU,POLYGON ((89.0 28.0, 90.0 28.0, 90.0 29.0, 89.0 29.0, 89.0 28.0)),Assam
44RNU,POLYGON ((89.0 29.0, 90.0 29.0, 90.0 30.0, 89.0 30.0, 89.0 29.0)),Assam
44RKV,POLYGON ((90.0 26.0, 91.0 26.0, 91.0 27.0, 90.0 27.0, 90.0 26.0)),Assam
44RLV,POLYGON ((90.0 27.0, 91.0 27.0, 91.0 28.0, 90.0 28.0, 90.0 27.0)),Assam
44RMV,POLYGON ((90.0 28.0, 91.0 28.0, 91.0 29.0, 90.0 29.0, 90.0 28.0)),Assam
44RNV,POLYGON ((90.0 29.0, 91.0 29.0, 91.0 30.0, 90.0 30.0, 90.0 29.0)),Assam
45RKW,POLYGON ((91.0 26.0, 92.0 26.0, 92.0 27.0, 91.0 27.0, 91.0 26.0)),Meghalaya
45RLW,POLYGON ((91.0 27.0, 92.0 27.0, 92.0 28.0, 91.0 28.0, 91.0 27.0)),Meghalaya
45RMW,POLYGON ((91.0 28.0, 92.0 28.0, 92.0 29.0, 91.0 29.0, 91.0 28.0)),Meghalaya
45RNW,POLYGON ((91.0 29.0, 92.0 29.0, 92.0 30.0, 91.0 30.0, 91.0 29.0)),Meghalaya
45RKX,POLYGON ((92.0 26.0, 93.0 26.0, 93.0 27.0, 92.0 27.0, 92.0 26.0)),Arunachal Pradesh
45RLX,POLYGON ((92.0 27.0, 93.0 27.0, 93.0 28.0, 92.0 28.0, 92.0 27.0)),Arunachal Pradesh
45RMX,POLYGON ((92.0 28.0, 93.0 28.0, 93.0 29.0, 92.0 29.0, 92.0 28.0)),Arunachal Pradesh
45RNX,POLYGON ((92.0 29.0, 93.0 29.0, 93.0 30.0, 92.0 30.0, 92.0 29.0)),Arunachal Pradesh
45RKY,POLYGON ((93.0 26.0, 94.0 26.0, 94.0 27.0, 93.0 27.0, 93.0 26.0)),Arunachal Pradesh
45RLY,POLYGON ((93.0 27.0, 94.0 27.0, 94.0 28.0, 93.0 28.0, 93.0 27.0)),Arunachal Pradesh
45RMY,POLYGON ((93.0 28.0, 94.0 28.0, 94.0 29.0, 93.0 29.0, 93.0 28.0)),Arunachal Pradesh
45RNY,POLYGON ((93.0 29.0, 94.0 29.0, 94.0 30.0, 93.0 30.0, 93.0 29.0)),Arunachal Pradesh
45RKZ,POLYGON ((94.0 26.0, 95.0 26.0, 95.0 27.0, 94.0 27.0, 94.0 26.0)),Manipur
45RLZ,POLYGON ((94.0 27.0, 95.0 27.0, 95.0 28.0, 94.0 28.0, 94.0 27.0)),Manipur
45RMZ,POLYGON ((94.0 28.0, 95.0 28.0, 95.0 29.0, 94.0 29.0, 94.0 28.0)),Manipur
45RNZ,POLYGON ((94.0 29.0, 95.0 29.0, 95.0 30.0, 94.0 30.0, 94.0 29.0)),Manipur
46RLA,POLYGON ((95.0 27.0, 96.0 27.0, 96.0 28.0, 95.0 28.0, 95.0 27.0)),Nagaland
46RMA,POLYGON ((95.0 28.0, 96.0 28.0, 96.0 29.0, 95.0 29.0, 95.0 28.0)),Nagaland
46RNA,POLYGON ((95.0 29.0, 96.0 29.0, 96.0 30.0, 95.0 30.0, 95.0 29.0)),Nagaland
46RLB,POLYGON ((96.0 27.0, 97.0 27.0, 97.0 28.0, 96.0 28.0, 96.0 27.0)),Mizoram
46RMB,POLYGON ((96.0 28.0, 97.0 28.0, 97.0 29.0, 96.0 29.0, 96.0 28.0)),Mizoram
46RNB,POLYGON ((96.0 29.0, 97.0 29.0, 97.0 30.0, 96.0 30.0, 96.0 29.0)),Mizoram
43PBT,POLYGON ((68.0 18.0, 69.0 18.0, 69.0 19.0, 68.0 19.0, 68.0 18.0)),Daman and Diu
43PBU,POLYGON ((69.0 18.0, 70.0 18.0, 70.0 19.0, 69.0 19.0, 69.0 18.0)),Daman and Diu
43PBV,POLYGON ((70.0 18.0, 71.0 18.0, 71.0 19.0, 70.0 19.0, 70.0 18.0)),Daman and Diu
43PZT,POLYGON ((68.0 16.0, 69.0 16.0, 69.0 17.0, 68.0 17.0, 68.0 16.0)),Dadra and Nagar Haveli
43RGE,POLYGON ((76.0 23.0, 77.0 23.0, 77.0 24.0, 76.0 24.0, 76.0 23.0)),Delhi
43RGF,POLYGON ((77.0 23.0, 78.0 23.0, 78.0 24.0, 77.0 24.0, 77.0 23.0)),Delhi
43RHE,POLYGON ((76.0 24.0, 77.0 24.0, 77.0 25.0, 76.0 25.0, 76.0 24.0)),Delhi
43RHF,POLYGON ((77.0 24.0, 78.0 24.0, 78.0 25.0, 77.0 25.0, 77.0 24.0)),Delhi
43QJE,POLYGON ((76.0 25.0, 77.0 25.0, 77.0 26.0, 76.0 26.0, 76.0 25.0)),Haryana
43QJF,POLYGON ((77.0 25.0, 78.0 25.0, 78.0 26.0, 77.0 26.0, 77.0 25.0)),Haryana
43QKE,POLYGON ((76.0 26.0, 77.0 26.0, 77.0 27.0, 76.0 27.0, 76.0 26.0)),Haryana
43QKF,POLYGON ((77.0 26.0, 78.0 26.0, 78.0 27.0, 77.0 27.0, 77.0 26.0)),Haryana
43QLE,POLYGON ((76.0 27.0, 77.0 27.0, 77.0 28.0, 76.0 28.0, 76.0 27.0)),Haryana
43QLF,POLYGON ((77.0 27.0, 78.0 27.0, 78.0 28.0, 77.0 28.0, 77.0 27.0)),Haryana
43QME,POLYGON ((76.0 28.0, 77.0 28.0, 77.0 29.0, 76.0 29.0, 76.0 28.0)),Haryana
43QMF,POLYGON ((77.0 28.0, 78.0 28.0, 78.0 29.0, 77.0 29.0, 77.0 28.0)),Haryana
43QPE,POLYGON ((76.0 30.0, 77.0 30.0, 77.0 31.0, 76.0 31.0, 76.0 30.0)),Himachal Pradesh
43QPF,POLYGON ((77.0 30.0, 78.0 30.0, 78.0 31.0, 77.0 31.0, 77.0 30.0)),Himachal Pradesh
43RQE,POLYGON ((76.0 31.0, 77.0 31.0, 77.0 32.0, 76.0 32.0, 76.0 31.0)),Himachal Pradesh
43RQF,POLYGON ((77.0 31.0, 78.0 31.0, 78.0 32.0, 77.0 32.0, 77.0 31.0)),Himachal Pradesh
43RRE,POLYGON ((76.0 32.0, 77.0 32.0, 77.0 33.0, 76.0 33.0, 76.0 32.0)),Himachal Pradesh
43RRF,POLYGON ((77.0 32.0, 78.0 32.0, 78.0 33.0, 77.0 33.0, 77.0 32.0)),Himachal Pradesh
43RQD,POLYGON ((75.0 31.0, 76.0 31.0, 76.0 32.0, 75.0 32.0, 75.0 31.0)),Jammu and Kashmir
43RQE,POLYGON ((76.0 31.0, 77.0 31.0, 77.0 32.0, 76.0 32.0, 76.0 31.0)),Jammu and Kashmir
43RQF,POLYGON ((77.0 31.0, 78.0 31.0, 78.0 32.0, 77.0 32.0, 77.0 31.0)),Jammu and Kashmir
43RRD,POLYGON ((75.0 32.0, 76.0 32.0, 76.0 33.0, 75.0 33.0, 75.0 32.0)),Jammu and Kashmir
43RRE,POLYGON ((76.0 32.0, 77.0 32.0, 77.0 33.0, 76.0 33.0, 76.0 32.0)),Jammu and Kashmir
43RRF,POLYGON ((77.0 32.0, 78.0 32.0, 78.0 33.0, 77.0 33.0, 77.0 32.0)),Jammu and Kashmir
43RSD,POLYGON ((75.0 33.0, 76.0 33.0, 76.0 34.0, 75.0 34.0, 75.0 33.0)),Jammu and Kashmir
43RSE,POLYGON ((76.0 33.0, 77.0 33.0, 77.0 34.0, 76.0 34.0, 76.0 33.0)),Jammu and Kashmir
43RSF,POLYGON ((77.0 33.0, 78.0 33.0, 78.0 34.0, 77.0 34.0, 77.0 33.0)),Jammu and Kashmir
43RTD,POLYGON ((75.0 34.0, 76.0 34.0, 76.0 35.0, 75.0 35.0, 75.0 34.0)),Ladakh
43RTE,POLYGON ((76.0 34.0, 77.0 34.0, 77.0 35.0, 76.0 35.0, 76.0 34.0)),Ladakh
43RTF,POLYGON ((77.0 34.0, 78.0 34.0, 78.0 35.0, 77.0 35.0, 77.0 34.0)),Ladakh
44TKG,POLYGON ((79.0 26.0, 80.0 26.0, 80.0 27.0, 79.0 27.0, 79.0 26.0)),Jharkhand
44TLG,POLYGON ((79.0 27.0, 80.0 27.0, 80.0 28.0, 79.0 28.0, 79.0 27.0)),Jharkhand
44TMG,POLYGON ((79.0 28.0, 80.0 28.0, 80.0 29.0, 79.0 29.0, 79.0 28.0)),Jharkhand
44TKH,POLYGON ((80.0 26.0, 81.0 26.0, 81.0 27.0, 80.0 27.0, 80.0 26.0)),Jharkhand
44TLH,POLYGON ((80.0 27.0, 81.0 27.0, 81.0 28.0, 80.0 28.0, 80.0 27.0)),Jharkhand
44TMH,POLYGON ((80.0 28.0, 81.0 28.0, 81.0 29.0, 80.0 29.0, 80.0 28.0)),Jharkhand
44TKJ,POLYGON ((81.0 26.0, 82.0 26.0, 82.0 27.0, 81.0 27.0, 81.0 26.0)),Jharkhand
44TLJ,POLYGON ((81.0 27.0, 82.0 27.0, 82.0 28.0, 81.0 28.0, 81.0 27.0)),Jharkhand
44TMJ,POLYGON ((81.0 28.0, 82.0 28.0, 82.0 29.0, 81.0 29.0, 81.0 28.0)),Jharkhand
43PGD,POLYGON ((75.0 23.0, 76.0 23.0, 76.0 24.0, 75.0 24.0, 75.0 23.0)),Karnataka
43PGE,POLYGON ((76.0 23.0, 77.0 23.0, 77.0 24.0, 76.0 24.0, 76.0 23.0)),Karnataka
43PHD,POLYGON ((75.0 24.0, 76.0 24.0, 76.0 25.0, 75.0 25.0, 75.0 24.0)),Karnataka
43PHE,POLYGON ((76.0 24.0, 77.0 24.0, 77.0 25.0, 76.0 25.0, 76.0 24.0)),Karnataka
43PFD,POLYGON ((75.0 22.0, 76.0 22.0, 76.0 23.0, 75.0 23.0, 75.0 22.0)),Karnataka
43PFE,POLYGON ((76.0 22.0, 77.0 22.0, 77.0 23.0, 76.0 23.0, 76.0 22.0)),Karnataka
43PED,POLYGON ((75.0 21.0, 76.0 21.0, 76.0 22.0, 75.0 22.0, 75.0 21.0)),Karnataka
43PEE,POLYGON ((76.0 21.0, 77.0 21.0, 77.0 22.0, 76.0 22.0, 76.0 21.0)),Karnataka
43PDD,POLYGON ((75.0 20.0, 76.0 20.0, 76.0 21.0, 75.0 21.0, 75.0 20.0)),Karnataka
43PDE,POLYGON ((76.0 20.0, 77.0 20.0, 77.0 21.0, 76.0 21.0, 76.0 20.0)),Karnataka
43PCD,POLYGON ((75.0 19.0, 76.0 19.0, 76.0 20.0, 75.0 20.0, 75.0 19.0)),Karnataka
43PCE,POLYGON ((76.0 19.0, 77.0 19.0, 77.0 20.0, 76.0 20.0, 76.0 19.0)),Karnataka
43PBD,POLYGON ((75.0 18.0, 76.0 18.0, 76.0 19.0, 75.0 19.0, 75.0 18.0)),Karnataka
43PBE,POLYGON ((76.0 18.0, 77.0 18.0, 77.0 19.0, 76.0 19.0, 76.0 18.0)),Karnataka
43PAD,POLYGON ((75.0 17.0, 76.0 17.0, 76.0 18.0, 75.0 18.0, 75.0 17.0)),Karnataka
43PAE,POLYGON ((76.0 17.0, 77.0 17.0, 77.0 18.0, 76.0 18.0, 76.0 17.0)),Karnataka
43NZD,POLYGON ((75.0 16.0, 76.0 16.0, 76.0 17.0, 75.0 17.0, 75.0 16.0)),Karnataka
43NZE,POLYGON ((76.0 16.0, 77.0 16.0, 77.0 17.0, 76.0 17.0, 76.0 16.0)),Karnataka
43NYD,POLYGON ((75.0 15.0, 76.0 15.0, 76.0 16.0, 75.0 16.0, 75.0 15.0)),Karnataka
43NYE,POLYGON ((76.0 15.0, 77.0 15.0, 77.0 16.0, 76.0 16.0, 76.0 15.0)),Karnataka
43NXD,POLYGON ((75.0 14.0, 76.0 14.0, 76.0 15.0, 75.0 15.0, 75.0 14.0)),Karnataka
43NXE,POLYGON ((76.0 14.0, 77.0 14.0, 77.0 15.0, 76.0 15.0, 76.0 14.0)),Karnataka
43NWD,POLYGON ((75.0 13.0, 76.0 13.0, 76.0 14.0, 75.0 14.0, 75.0 13.0)),Karnataka
43NWE,POLYGON ((76.0 13.0, 77.0 13.0, 77.0 14.0, 76.0 14.0, 76.0 13.0)),Karnataka
43NVD,POLYGON ((75.0 12.0, 76.0 12.0, 76.0 13.0, 75.0 13.0, 75.0 12.0)),Karnataka
43NVE,POLYGON ((76.0 12.0, 77.0 12.0, 77.0 13.0, 76.0 13.0, 76.0 12.0)),Karnataka
43NUD,POLYGON ((75.0 11.0, 76.0 11.0, 76.0 12.0, 75.0 12.0, 75.0 11.0)),Karnataka
43NUE,POLYGON ((76.0 11.0, 77.0 11.0, 77.0 12.0, 76.0 12.0, 76.0 11.0)),Karnataka
43NTD,POLYGON ((75.0 10.0, 76.0 10.0, 76.0 11.0, 75.0 11.0, 75.0 10.0)),Kerala
43NTE,POLYGON ((76.0 10.0, 77.0 10.0, 77.0 11.0, 76.0 11.0, 76.0 10.0)),Kerala
43NSD,POLYGON ((75.0 9.0, 76.0 9.0, 76.0 10.0, 75.0 10.0, 75.0 9.0)),Kerala
43NSE,POLYGON ((76.0 9.0, 77.0 9.0, 77.0 10.0, 76.0 10.0, 76.0 9.0)),Kerala
43NRD,POLYGON ((75.0 8.0, 76.0 8.0, 76.0 9.0, 75.0 9.0, 75.0 8.0)),Kerala
43NRE,POLYGON ((76.0 8.0, 77.0 8.0, 77.0 9.0, 76.0 9.0, 76.0 8.0)),Kerala
43NQD,POLYGON ((75.0 7.0, 76.0 7.0, 76.0 8.0, 75.0 8.0, 75.0 7.0)),Kerala
43NQE,POLYGON ((76.0 7.0, 77.0 7.0, 77.0 8.0, 76.0 8.0, 76.0 7.0)),Kerala
43NPD,POLYGON ((75.0 6.0, 76.0 6.0, 76.0 7.0, 75.0 7.0, 75.0 6.0)),Kerala
43NPE,POLYGON ((76.0 6.0, 77.0 6.0, 77.0 7.0, 76.0 7.0, 76.0 6.0)),Kerala
43NND,POLYGON ((75.0 5.0, 76.0 5.0, 76.0 6.0, 75.0 6.0, 75.0 5.0)),Lakshadweep
43NNE,POLYGON ((76.0 5.0, 77.0 5.0, 77.0 6.0, 76.0 6.0, 76.0 5.0)),Lakshadweep
43QGH,POLYGON ((78.0 23.0, 79.0 23.0, 79.0 24.0, 78.0 24.0, 78.0 23.0)),Chhattisgarh
43QHH,POLYGON ((78.0 24.0, 79.0 24.0, 79.0 25.0, 78.0 25.0, 78.0 24.0)),Chhattisgarh
43QJH,POLYGON ((78.0 25.0, 79.0 25.0, 79.0 26.0, 78.0 26.0, 78.0 25.0)),Chhattisgarh
43QGG,POLYGON ((77.0 23.0, 78.0 23.0, 78.0 24.0, 77.0 24.0, 77.0 23.0)),Chhattisgarh
43QHG,POLYGON ((77.0 24.0, 78.0 24.0, 78.0 25.0, 77.0 25.0, 77.0 24.0)),Chhattisgarh
43QJG,POLYGON ((77.0 25.0, 78.0 25.0, 78.0 26.0, 77.0 26.0, 77.0 25.0)),Chhattisgarh
43QFF,POLYGON ((76.0 22.0, 77.0 22.0, 77.0 23.0, 76.0 23.0, 76.0 22.0)),Chhattisgarh
43QFG,POLYGON ((77.0 22.0, 78.0 22.0, 78.0 23.0, 77.0 23.0, 77.0 22.0)),Chhattisgarh
43QFH,POLYGON ((78.0 22.0, 79.0 22.0, 79.0 23.0, 78.0 23.0, 78.0 22.0)),Chhattisgarh
43QEF,POLYGON ((76.0 21.0, 77.0 21.0, 77.0 22.0, 76.0 22.0, 76.0 21.0)),Chhattisgarh
43QEG,POLYGON ((77.0 21.0, 78.0 21.0, 78.0 22.0, 77.0 22.0, 77.0 21.0)),Chhattisgarh
43QEH,POLYGON ((78.0 21.0, 79.0 21.0, 79.0 22.0, 78.0 22.0, 78.0 21.0)),Chhattisgarh
43QDF,POLYGON ((76.0 20.0, 77.0 20.0, 77.0 21.0, 76.0 21.0, 76.0 20.0)),Chhattisgarh
43QDG,POLYGON ((77.0 20.0, 78.0 20.0, 78.0 21.0, 77.0 21.0, 77.0 20.0)),Chhattisgarh
43QDH,POLYGON ((78.0 20.0, 79.0 20.0, 79.0 21.0, 78.0 21.0, 78.0 20.0)),Chhattisgarh
43QCF,POLYGON ((76.0 19.0, 77.0 19.0, 77.0 20.0, 76.0 20.0, 76.0 19.0)),Chhattisgarh
43QCG,POLYGON ((77.0 19.0, 78.0 19.0, 78.0 20.0, 77.0 20.0, 77.0 19.0)),Chhattisgarh
43QCH,POLYGON ((78.0 19.0, 79.0 19.0, 79.0 20.0, 78.0 20.0, 78.0 19.0)),Chhattisgarh
43QBF,POLYGON ((76.0 18.0, 77.0 18.0, 77.0 19.0, 76.0 19.0, 76.0 18.0)),Chhattisgarh
43QBG,POLYGON ((77.0 18.0, 78.0 18.0, 78.0 19.0, 77.0 19.0, 77.0 18.0)),Chhattisgarh
43QBH,POLYGON ((78.0 18.0, 79.0 18.0, 79.0 19.0, 78.0 19.0, 78.0 18.0)),Chhattisgarh
43QAF,POLYGON ((76.0 17.0, 77.0 17.0, 77.0 18.0, 76.0 18.0, 76.0 17.0)),Chhattisgarh
43QAG,POLYGON ((77.0 17.0, 78.0 17.0, 78.0 18.0, 77.0 18.0, 77.0 17.0)),Chhattisgarh
43QAH,POLYGON ((78.0 17.0, 79.0 17.0, 79.0 18.0, 78.0 18.0, 78.0 17.0)),Chhattisgarh
43PZF,POLYGON ((76.0 16.0, 77.0 16.0, 77.0 17.0, 76.0 17.0, 76.0 16.0)),Goa
43PZG,POLYGON ((77.0 16.0, 78.0 16.0, 78.0 17.0, 77.0 17.0, 77.0 16.0)),Goa
43PYF,POLYGON ((76.0 15.0, 77.0 15.0, 77.0 16.0, 76.0 16.0, 76.0 15.0)),Goa
43PYG,POLYGON ((77.0 15.0, 78.0 15.0, 78.0 16.0, 77.0 16.0, 77.0 15.0)),Goa
43PXF,POLYGON ((76.0 14.0, 77.0 14.0, 77.0 15.0, 76.0 15.0, 76.0 14.0)),Goa
43PXG,POLYGON ((77.0 14.0, 78.0 14.0, 78.0 15.0, 77.0 15.0, 77.0 14.0)),Goa
43PWF,POLYGON ((76.0 13.0, 77.0 13.0, 77.0 14.0, 76.0 14.0, 76.0 13.0)),Goa
43PWG,POLYGON ((77.0 13.0, 78.0 13.0, 78.0 14.0, 77.0 14.0, 77.0 13.0)),Goa
43NTF,POLYGON ((76.0 10.0, 77.0 10.0, 77.0 11.0, 76.0 11.0, 76.0 10.0)),Tamil Nadu
43NTG,POLYGON ((77.0 10.0, 78.0 10.0, 78.0 11.0, 77.0 11.0, 77.0 10.0)),Tamil Nadu
43NSF,POLYGON ((76.0 9.0, 77.0 9.0, 77.0 10.0, 76.0 10.0, 76.0 9.0)),Tamil Nadu
43NSG,POLYGON ((77.0 9.0, 78.0 9.0, 78.0 10.0, 77.0 10.0, 77.0 9.0)),Tamil Nadu
43NRF,POLYGON ((76.0 8.0, 77.0 8.0, 77.0 9.0, 76.0 9.0, 76.0 8.0)),Tamil Nadu
43NRG,POLYGON ((77.0 8.0, 78.0 8.0, 78.0 9.0, 77.0 9.0, 77.0 8.0)),Tamil Nadu
43NQF,POLYGON ((76.0 7.0, 77.0 7.0, 77.0 8.0, 76.0 8.0, 76.0 7.0)),Tamil Nadu
43NQG,POLYGON ((77.0 7.0, 78.0 7.0, 78.0 8.0, 77.0 8.0, 77.0 7.0)),Tamil Nadu
43NPF,POLYGON ((76.0 6.0, 77.0 6.0, 77.0 7.0, 76.0 7.0, 76.0 6.0)),Tamil Nadu
43NPG,POLYGON ((77.0 6.0, 78.0 6.0, 78.0 7.0, 77.0 7.0, 77.0 6.0)),Tamil Nadu
43NNF,POLYGON ((76.0 5.0, 77.0 5.0, 77.0 6.0, 76.0 6.0, 76.0 5.0)),Puducherry
43NNG,POLYGON ((77.0 5.0, 78.0 5.0, 78.0 6.0, 77.0 6.0, 77.0 5.0)),Puducherry
43RGH,POLYGON ((78.0 23.0, 79.0 23.0, 79.0 24.0, 78.0 24.0, 78.0 23.0)),Telangana
43RHH,POLYGON ((78.0 24.0, 79.0 24.0, 79.0 25.0, 78.0 25.0, 78.0 24.0)),Telangana
43RJH,POLYGON ((78.0 25.0, 79.0 25.0, 79.0 26.0, 78.0 26.0, 78.0 25.0)),Telangana
43RKH,POLYGON ((78.0 26.0, 79.0 26.0, 79.0 27.0, 78.0 27.0, 78.0 26.0)),Telangana
43RLH,POLYGON ((78.0 27.0, 79.0 27.0, 79.0 28.0, 78.0 28.0, 78.0 27.0)),Telangana
43RGG,POLYGON ((77.0 23.0, 78.0 23.0, 78.0 24.0, 77.0 24.0, 77.0 23.0)),Telangana
43RHG,POLYGON ((77.0 24.0, 78.0 24.0, 78.0 25.0, 77.0 25.0, 77.0 24.0)),Telangana
43RJG,POLYGON ((77.0 25.0, 78.0 25.0, 78.0 26.0, 77.0 26.0, 77.0 25.0)),Telangana
43RKG,POLYGON ((77.0 26.0, 78.0 26.0, 78.0 27.0, 77.0 27.0, 77.0 26.0)),Telangana
43RLG,POLYGON ((77.0 27.0, 78.0 27.0, 78.0 28.0, 77.0 28.0, 77.0 27.0)),Telangana
43RFF,POLYGON ((76.0 22.0, 77.0 22.0, 77.0 23.0, 76.0 23.0, 76.0 22.0)),Telangana
43RFG,POLYGON ((77.0 22.0, 78.0 22.0, 78.0 23.0, 77.0 23.0, 77.0 22.0)),Telangana
43RFH,POLYGON ((78.0 22.0, 79.0 22.0, 79.0 23.0, 78.0 23.0, 78.0 22.0)),Telangana
43REF,POLYGON ((76.0 21.0, 77.0 21.0, 77.0 22.0, 76.0 22.0, 76.0 21.0)),Telangana
43REG,POLYGON ((77.0 21.0, 78.0 21.0, 78.0 22.0, 77.0 22.0, 77.0 21.0)),Telangana
43REH,POLYGON ((78.0 21.0, 79.0 21.0, 79.0 22.0, 78.0 22.0, 78.0 21.0)),Telangana
43RDF,POLYGON ((76.0 20.0, 77.0 20.0, 77.0 21.0, 76.0 21.0, 76.0 20.0)),Telangana
43RDG,POLYGON ((77.0 20.0, 78.0 20.0, 78.0 21.0, 77.0 21.0, 77.0 20.0)),Telangana
43RDH,POLYGON ((78.0 20.0, 79.0 20.0, 79.0 21.0, 78.0 21.0, 78.0 20.0)),Telangana
43RCF,POLYGON ((76.0 19.0, 77.0 19.0, 77.0 20.0, 76.0 20.0, 76.0 19.0)),Telangana
43RCG,POLYGON ((77.0 19.0, 78.0 19.0, 78.0 20.0, 77.0 20.0, 77.0 19.0)),Telangana
43RCH,POLYGON ((78.0 19.0, 79.0 19.0, 79.0 20.0, 78.0 20.0, 78.0 19.0)),Telangana
43RBF,POLYGON ((76.0 18.0, 77.0 18.0, 77.0 19.0, 76.0 19.0, 76.0 18.0)),Telangana
43RBG,POLYGON ((77.0 18.0, 78.0 18.0, 78.0 19.0, 77.0 19.0, 77.0 18.0)),Telangana
43RBH,POLYGON ((78.0 18.0, 79.0 18.0, 79.0 19.0, 78.0 19.0, 78.0 18.0)),Telangana
43RAF,POLYGON ((76.0 17.0, 77.0 17.0, 77.0 18.0, 76.0 18.0, 76.0 17.0)),Telangana
43RAG,POLYGON ((77.0 17.0, 78.0 17.0, 78.0 18.0, 77.0 18.0, 77.0 17.0)),Telangana
43RAH,POLYGON ((78.0 17.0, 79.0 17.0, 79.0 18.0, 78.0 18.0, 78.0 17.0)),Telangana
43PZF,POLYGON ((76.0 16.0, 77.0 16.0, 77.0 17.0, 76.0 17.0, 76.0 16.0)),Andhra Pradesh
43PZG,POLYGON ((77.0 16.0, 78.0 16.0, 78.0 17.0, 77.0 17.0, 77.0 16.0)),Andhra Pradesh
43PYF,POLYGON ((76.0 15.0, 77.0 15.0, 77.0 16.0, 76.0 16.0, 76.0 15.0)),Andhra Pradesh
43PYG,POLYGON ((77.0 15.0, 78.0 15.0, 78.0 16.0, 77.0 16.0, 77.0 15.0)),Andhra Pradesh
43PXF,POLYGON ((76.0 14.0, 77.0 14.0, 77.0 15.0, 76.0 15.0, 76.0 14.0)),Andhra Pradesh
43PXG,POLYGON ((77.0 14.0, 78.0 14.0, 78.0 15.0, 77.0 15.0, 77.0 14.0)),Andhra Pradesh
43PWF,POLYGON ((76.0 13.0, 77.0 13.0, 77.0 14.0, 76.0 14.0, 76.0 13.0)),Andhra Pradesh
43PWG,POLYGON ((77.0 13.0, 78.0 13.0, 78.0 14.0, 77.0 14.0, 77.0 13.0)),Andhra Pradesh
43PVF,POLYGON ((76.0 12.0, 77.0 12.0, 77.0 13.0, 76.0 13.0, 76.0 12.0)),Andhra Pradesh
43PVG,POLYGON ((77.0 12.0, 78.0 12.0, 78.0 13.0, 77.0 13.0, 77.0 12.0)),Andhra Pradesh
43PUF,POLYGON ((76.0 11.0, 77.0 11.0, 77.0 12.0, 76.0 12.0, 76.0 11.0)),Andhra Pradesh
43PUG,POLYGON ((77.0 11.0, 78.0 11.0, 78.0 12.0, 77.0 12.0, 77.0 11.0)),Andhra Pradesh
43PTF,POLYGON ((76.0 10.0, 77.0 10.0, 77.0 11.0, 76.0 11.0, 76.0 10.0)),Andhra Pradesh
43PTG,POLYGON ((77.0 10.0, 78.0 10.0, 78.0 11.0, 77.0 11.0, 77.0 10.0)),Andhra Pradesh
43PSF,POLYGON ((76.0 9.0, 77.0 9.0, 77.0 10.0, 76.0 10.0, 76.0 9.0)),Andhra Pradesh
43PSG,POLYGON ((77.0 9.0, 78.0 9.0, 78.0 10.0, 77.0 10.0, 77.0 9.0)),Andhra Pradesh
43PRF,POLYGON ((76.0 8.0, 77.0 8.0, 77.0 9.0, 76.0 9.0, 76.0 8.0)),Andhra Pradesh
43PRG,POLYGON ((77.0 8.0, 78.0 8.0, 78.0 9.0, 77.0 9.0, 77.0 8.0)),Andhra Pradesh
43PQF,POLYGON ((76.0 7.0, 77.0 7.0, 77.0 8.0, 76.0 8.0, 76.0 7.0)),Andhra Pradesh
43PQG,POLYGON ((77.0 7.0, 78.0 7.0, 78.0 8.0, 77.0 8.0, 77.0 7.0)),Andhra Pradesh
43PPF,POLYGON ((76.0 6.0, 77.0 6.0, 77.0 7.0, 76.0 7.0, 76.0 6.0)),Andhra Pradesh
43PPG,POLYGON ((77.0 6.0, 78.0 6.0, 78.0 7.0, 77.0 7.0, 77.0 6.0)),Andhra Pradesh
43PNF,POLYGON ((76.0 5.0, 77.0 5.0, 77.0 6.0, 76.0 6.0, 76.0 5.0)),Andaman and Nicobar Islands
43PNG,POLYGON ((77.0 5.0, 78.0 5.0, 78.0 6.0, 77.0 6.0, 77.0 5.0)),Andaman and Nicobar Islands
43PMF,POLYGON ((76.0 4.0, 77.0 4.0, 77.0 5.0, 76.0 5.0, 76.0 4.0)),Andaman and Nicobar Islands
43PMG,POLYGON ((77.0 4.0, 78.0 4.0, 78.0 5.0, 77.0 5.0, 77.0 4.0)),Andaman and Nicobar Islands
43PLF,POLYGON ((76.0 3.0, 77.0 3.0, 77.0 4.0, 76.0 4.0, 76.0 3.0)),Andaman and Nicobar Islands
43PLG,POLYGON ((77.0 3.0, 78.0 3.0, 78.0 4.0, 77.0 4.0, 77.0 3.0)),Andaman and Nicobar Islands
43PKF,POLYGON ((76.0 2.0, 77.0 2.0, 77.0 3.0, 76.0 3.0, 76.0 2.0)),Andaman and Nicobar Islands
43PKG,POLYGON ((77.0 2.0, 78.0 2.0, 78.0 3.0, 77.0 3.0, 77.0 2.0)),Andaman and Nicobar Islands
43PJF,POLYGON ((76.0 1.0, 77.0 1.0, 77.0 2.0, 76.0 2.0, 76.0 1.0)),Andaman and Nicobar Islands
43PJG,POLYGON ((77.0 1.0, 78.0 1.0, 78.0 2.0, 77.0 2.0, 77.0 1.0)),Andaman and Nicobar Islands
43PHF,POLYGON ((76.0 0.0, 77.0 0.0, 77.0 1.0, 76.0 1.0, 76.0 0.0)),Andaman and Nicobar Islands
43PHG,POLYGON ((77.0 0.0, 78.0 0.0, 78.0 1.0, 77.0 1.0, 77.0 0.0)),Andaman and Nicobar Islands
44QKJ,POLYGON ((79.0 26.0, 80.0 26.0, 80.0 27.0, 79.0 27.0, 79.0 26.0)),Odisha
44QLJ,POLYGON ((79.0 27.0, 80.0 27.0, 80.0 28.0, 79.0 28.0, 79.0 27.0)),Odisha
44QMJ,POLYGON ((79.0 28.0, 80.0 28.0, 80.0 29.0, 79.0 29.0, 79.0 28.0)),Odisha
44QKK,POLYGON ((80.0 26.0, 81.0 26.0, 81.0 27.0, 80.0 27.0, 80.0 26.0)),Odisha
44QLK,POLYGON ((80.0 27.0, 81.0 27.0, 81.0 28.0, 80.0 28.0, 80.0 27.0)),Odisha
44QMK,POLYGON ((80.0 28.0, 81.0 28.0, 81.0 29.0, 80.0 29.0, 80.0 28.0)),Odisha
44QKL,POLYGON ((81.0 26.0, 82.0 26.0, 82.0 27.0, 81.0 27.0, 81.0 26.0)),Odisha
44QLL,POLYGON ((81.0 27.0, 82.0 27.0, 82.0 28.0, 81.0 28.0, 81.0 27.0)),Odisha
44QML,POLYGON ((81.0 28.0, 82.0 28.0, 82.0 29.0, 81.0 29.0, 81.0 28.0)),Odisha
44QKM,POLYGON ((82.0 26.0, 83.0 26.0, 83.0 27.0, 82.0 27.0, 82.0 26.0)),Odisha
44QLM,POLYGON ((82.0 27.0, 83.0 27.0, 83.0 28.0, 82.0 28.0, 82.0 27.0)),Odisha
44QMM,POLYGON ((82.0 28.0, 83.0 28.0, 83.0 29.0, 82.0 29.0, 82.0 28.0)),Odisha
43QPG,POLYGON ((77.0 30.0, 78.0 30.0, 78.0 31.0, 77.0 31.0, 77.0 30.0)),Punjab
43QQG,POLYGON ((77.0 31.0, 78.0 31.0, 78.0 32.0, 77.0 32.0, 77.0 31.0)),Punjab
43QRG,POLYGON ((77.0 32.0, 78.0 32.0, 78.0 33.0, 77.0 33.0, 77.0 32.0)),Punjab
43QPF,POLYGON ((76.0 30.0, 77.0 30.0, 77.0 31.0, 76.0 31.0, 76.0 30.0)),Punjab
43QQF,POLYGON ((76.0 31.0, 77.0 31.0, 77.0 32.0, 76.0 32.0, 76.0 31.0)),Punjab
43QRF,POLYGON ((76.0 32.0, 77.0 32.0, 77.0 33.0, 76.0 33.0, 76.0 32.0)),Punjab
43QPE,POLYGON ((75.0 30.0, 76.0 30.0, 76.0 31.0, 75.0 31.0, 75.0 30.0)),Punjab
43QQE,POLYGON ((75.0 31.0, 76.0 31.0, 76.0 32.0, 75.0 32.0, 75.0 31.0)),Punjab
43QRE,POLYGON ((75.0 32.0, 76.0 32.0, 76.0 33.0, 75.0 33.0, 75.0 32.0)),Punjab
43QPD,POLYGON ((74.0 30.0, 75.0 30.0, 75.0 31.0, 74.0 31.0, 74.0 30.0)),Punjab
43QQD,POLYGON ((74.0 31.0, 75.0 31.0, 75.0 32.0, 74.0 32.0, 74.0 31.0)),Punjab
43QRD,POLYGON ((74.0 32.0, 75.0 32.0, 75.0 33.0, 74.0 33.0, 74.0 32.0)),Punjab
42RWV,POLYGON ((74.0 30.0, 75.0 30.0, 75.0 31.0, 74.0 31.0, 74.0 30.0)),Chandigarh
42RXV,POLYGON ((74.0 31.0, 75.0 31.0, 75.0 32.0, 74.0 32.0, 74.0 31.0)),Chandigarh
43RPH,POLYGON ((78.0 30.0, 79.0 30.0, 79.0 31.0, 78.0 31.0, 78.0 30.0)),Uttarakhand
43RQH,POLYGON ((78.0 31.0, 79.0 31.0, 79.0 32.0, 78.0 32.0, 78.0 31.0)),Uttarakhand
43RRH,POLYGON ((78.0 32.0, 79.0 32.0, 79.0 33.0, 78.0 33.0, 78.0 32.0)),Uttarakhand
43RSH,POLYGON ((78.0 33.0, 79.0 33.0, 79.0 34.0, 78.0 34.0, 78.0 33.0)),Uttarakhand
43RTH,POLYGON ((78.0 34.0, 79.0 34.0, 79.0 35.0, 78.0 35.0, 78.0 34.0)),Uttarakhand
43RPG,POLYGON ((77.0 30.0, 78.0 30.0, 78.0 31.0, 77.0 31.0, 77.0 30.0)),Uttarakhand
43RQG,POLYGON ((77.0 31.0, 78.0 31.0, 78.0 32.0, 77.0 32.0, 77.0 31.0)),Uttarakhand
43RRG,POLYGON ((77.0 32.0, 78.0 32.0, 78.0 33.0, 77.0 33.0, 77.0 32.0)),Uttarakhand
43RSG,POLYGON ((77.0 33.0, 78.0 33.0, 78.0 34.0, 77.0 34.0, 77.0 33.0)),Uttarakhand
43RTG,POLYGON ((77.0 34.0, 78.0 34.0, 78.0 35.0, 77.0 35.0, 77.0 34.0)),Uttarakhand
43RPF,POLYGON ((76.0 30.0, 77.0 30.0, 77.0 31.0, 76.0 31.0, 76.0 30.0)),Uttarakhand
43RQF,POLYGON ((76.0 31.0, 77.0 31.0, 77.0 32.0, 76.0 32.0, 76.0 31.0)),Uttarakhand
43RRF,POLYGON ((76.0 32.0, 77.0 32.0, 77.0 33.0, 76.0 33.0, 76.0 32.0)),Uttarakhand
43RSF,POLYGON ((76.0 33.0, 77.0 33.0, 77.0 34.0, 76.0 34.0, 76.0 33.0)),Uttarakhand
43RTF,POLYGON ((76.0 34.0, 77.0 34.0, 77.0 35.0, 76.0 35.0, 76.0 34.0)),Uttarakhand
43RPE,POLYGON ((75.0 30.0, 76.0 30.0, 76.0 31.0, 75.0 31.0, 75.0 30.0)),Uttarakhand
43RQE,POLYGON ((75.0 31.0, 76.0 31.0, 76.0 32.0, 75.0 32.0, 75.0 31.0)),Uttarakhand
43RRE,POLYGON ((75.0 32.0, 76.0 32.0, 76.0 33.0, 75.0 33.0, 75.0 32.0)),Uttarakhand
43RSE,POLYGON ((75.0 33.0, 76.0 33.0, 76.0 34.0, 75.0 34.0, 75.0 33.0)),Uttarakhand
43RTE,POLYGON ((75.0 34.0, 76.0 34.0, 76.0 35.0, 75.0 35.0, 75.0 34.0)),Uttarakhand
44RNP,POLYGON ((84.0 29.0, 85.0 29.0, 85.0 30.0, 84.0 30.0, 84.0 29.0)),Sikkim
44RNQ,POLYGON ((85.0 29.0, 86.0 29.0, 86.0 30.0, 85.0 30.0, 85.0 29.0)),Sikkim
44RNR,POLYGON ((86.0 29.0, 87.0 29.0, 87.0 30.0, 86.0 30.0, 86.0 29.0)),Sikkim
44RNS,POLYGON ((87.0 29.0, 88.0 29.0, 88.0 30.0, 87.0 30.0, 87.0 29.0)),Sikkim
44RNT,POLYGON ((88.0 29.0, 89.0 29.0, 89.0 30.0, 88.0 30.0, 88.0 29.0)),Sikkim
44RNU,POLYGON ((89.0 29.0, 90.0 29.0, 90.0 30.0, 89.0 30.0, 89.0 29.0)),Tripura
44RNV,POLYGON ((90.0 29.0, 91.0 29.0, 91.0 30.0, 90.0 30.0, 90.0 29.0)),Tripura
45RNW,POLYGON ((91.0 29.0, 92.0 29.0, 92.0 30.0, 91.0 30.0, 91.0 29.0)),Tripura
45RNX,POLYGON ((92.0 29.0, 93.0 29.0, 93.0 30.0, 92.0 30.0, 92.0 29.0)),Tripura
45RNY,POLYGON ((93.0 29.0, 94.0 29.0, 94.0 30.0, 93.0 30.0, 93.0 29.0)),Tripura
45RNZ,POLYGON ((94.0 29.0, 95.0 29.0, 95.0 30.0, 94.0 30.0, 94.0 29.0)),Tripura
43PGD,POLYGON ((75.0 23.0, 76.0 23.0, 76.0 24.0, 75.0 24.0, 75.0 23.0)),Maharashtra
43PGE,POLYGON ((76.0 23.0, 77.0 23.0, 77.0 24.0, 76.0 24.0, 76.0 23.0)),Maharashtra
43PHD,POLYGON ((75.0 24.0, 76.0 24.0, 76.0 25.0, 75.0 25.0, 75.0 24.0)),Maharashtra
43PHE,POLYGON ((76.0 24.0, 77.0 24.0, 77.0 25.0, 76.0 25.0, 76.0 24.0)),Maharashtra
43PFD,POLYGON ((75.0 22.0, 76.0 22.0, 76.0 23.0, 75.0 23.0, 75.0 22.0)),Maharashtra
43PFE,POLYGON ((76.0 22.0, 77.0 22.0, 77.0 23.0, 76.0 23.0, 76.0 22.0)),Maharashtra
43PED,POLYGON ((75.0 21.0, 76.0 21.0, 76.0 22.0, 75.0 22.0, 75.0 21.0)),Maharashtra
43PEE,POLYGON ((76.0 21.0, 77.0 21.0, 77.0 22.0, 76.0 22.0, 76.0 21.0)),Maharashtra
43PDD,POLYGON ((75.0 20.0, 76.0 20.0, 76.0 21.0, 75.0 21.0, 75.0 20.0)),Maharashtra
43PDE,POLYGON ((76.0 20.0, 77.0 20.0, 77.0 21.0, 76.0 21.0, 76.0 20.0)),Maharashtra
43PCD,POLYGON ((75.0 19.0, 76.0 19.0, 76.0 20.0, 75.0 20.0, 75.0 19.0)),Maharashtra
43PCE,POLYGON ((76.0 19.0, 77.0 19.0, 77.0 20.0, 76.0 20.0, 76.0 19.0)),Maharashtra
43PBD,POLYGON ((75.0 18.0, 76.0 18.0, 76.0 19.0, 75.0 19.0, 75.0 18.0)),Maharashtra
43PBE,POLYGON ((76.0 18.0, 77.0 18.0, 77.0 19.0, 76.0 19.0, 76.0 18.0)),Maharashtra
43PAD,POLYGON ((75.0 17.0, 76.0 17.0, 76.0 18.0, 75.0 18.0, 75.0 17.0)),Maharashtra
43PAE,POLYGON ((76.0 17.0, 77.0 17.0, 77.0 18.0, 76.0 18.0, 76.0 17.0)),Maharashtra
43PZD,POLYGON ((75.0 16.0, 76.0 16.0, 76.0 17.0, 75.0 17.0, 75.0 16.0)),Maharashtra
43PZE,POLYGON ((76.0 16.0, 77.0 16.0, 77.0 17.0, 76.0 17.0, 76.0 16.0)),Maharashtra
43PYD,POLYGON ((75.0 15.0, 76.0 15.0, 76.0 16.0, 75.0 16.0, 75.0 15.0)),Maharashtra
43PYE,POLYGON ((76.0 15.0, 77.0 15.0, 77.0 16.0, 76.0 16.0, 76.0 15.0)),Maharashtra
43PXD,POLYGON ((75.0 14.0, 76.0 14.0, 76.0 15.0, 75.0 15.0, 75.0 14.0)),Maharashtra
43PXE,POLYGON ((76.0 14.0, 77.0 14.0, 77.0 15.0, 76.0 15.0, 76.0 14.0)),Maharashtra
43PWD,POLYGON ((75.0 13.0, 76.0 13.0, 76.0 14.0, 75.0 14.0, 75.0 13.0)),Maharashtra
43PWE,POLYGON ((76.0 13.0, 77.0 13.0, 77.0 14.0, 76.0 14.0, 76.0 13.0)),Maharashtra
43PVD,POLYGON ((75.0 12.0, 76.0 12.0, 76.0 13.0, 75.0 13.0, 75.0 12.0)),Maharashtra
43PVE,POLYGON ((76.0 12.0, 77.0 12.0, 77.0 13.0, 76.0 13.0, 76.0 12.0)),Maharashtra
43PUD,POLYGON ((75.0 11.0, 76.0 11.0, 76.0 12.0, 75.0 12.0, 75.0 11.0)),Maharashtra
43PUE,POLYGON ((76.0 11.0, 77.0 11.0, 77.0 12.0, 76.0 12.0, 76.0 11.0)),Maharashtra
43PTD,POLYGON ((75.0 10.0, 76.0 10.0, 76.0 11.0, 75.0 11.0, 75.0 10.0)),Maharashtra
43PTE,POLYGON ((76.0 10.0, 77.0 10.0, 77.0 11.0, 76.0 11.0, 76.0 10.0)),Maharashtra
43PSD,POLYGON ((75.0 9.0, 76.0 9.0, 76.0 10.0, 75.0 10.0, 75.0 9.0)),Maharashtra
43PSE,POLYGON ((76.0 9.0, 77.0 9.0, 77.0 10.0, 76.0 10.0, 76.0 9.0)),Maharashtra
43PRD,POLYGON ((75.0 8.0, 76.0 8.0, 76.0 9.0, 75.0 9.0, 75.0 8.0)),Maharashtra
43PRE,POLYGON ((76.0 8.0, 77.0 8.0, 77.0 9.0, 76.0 9.0, 76.0 8.0)),Maharashtra
43PQD,POLYGON ((75.0 7.0, 76.0 7.0, 76.0 8.0, 75.0 8.0, 75.0 7.0)),Maharashtra
43PQE,POLYGON ((76.0 7.0, 77.0 7.0, 77.0 8.0, 76.0 8.0, 76.0 7.0)),Maharashtra
43PPD,POLYGON ((75.0 6.0, 76.0 6.0, 76.0 7.0, 75.0 7.0, 75.0 6.0)),Maharashtra
43PPE,POLYGON ((76.0 6.0, 77.0 6.0, 77.0 7.0, 76.0 7.0, 76.0 6.0)),Maharashtra
43PND,POLYGON ((75.0 5.0, 76.0 5.0, 76.0 6.0, 75.0 6.0, 75.0 5.0)),Maharashtra
43PNE,POLYGON ((76.0 5.0, 77.0 5.0, 77.0 6.0, 76.0 6.0, 76.0 5.0)),Maharashtra
43PMD,POLYGON ((75.0 4.0, 76.0 4.0, 76.0 5.0, 75.0 5.0, 75.0 4.0)),Maharashtra
43PME,POLYGON ((76.0 4.0, 77.0 4.0, 77.0 5.0, 76.0 5.0, 76.0 4.0)),Maharashtra
43PLD,POLYGON ((75.0 3.0, 76.0 3.0, 76.0 4.0, 75.0 4.0, 75.0 3.0)),Maharashtra
43PLE,POLYGON ((76.0 3.0, 77.0 3.0, 77.0 4.0, 76.0 4.0, 76.0 3.0)),Maharashtra
43PKD,POLYGON ((75.0 2.0, 76.0 2.0, 76.0 3.0, 75.0 3.0, 75.0 2.0)),Maharashtra
43PKE,POLYGON ((76.0 2.0, 77.0 2.0, 77.0 3.0, 76.0 3.0, 76.0 2.0)),Maharashtra
43PJD,POLYGON ((75.0 1.0, 76.0 1.0, 76.0 2.0, 75.0 2.0, 75.0 1.0)),Maharashtra
43PJE,POLYGON ((76.0 1.0, 77.0 1.0, 77.0 2.0, 76.0 2.0, 76.0 1.0)),Maharashtra
43PHD,POLYGON ((75.0 0.0, 76.0 0.0, 76.0 1.0, 75.0 1.0, 75.0 0.0)),Maharashtra
43PHE,POLYGON ((76.0 0.0, 77.0 0.0, 77.0 1.0, 76.0 1.0, 76.0 0.0)),Maharashtra
44QKN,POLYGON ((83.0 26.0, 84.0 26.0, 84.0 27.0, 83.0 27.0, 83.0 26.0)),West Bengal
44QLN,POLYGON ((83.0 27.0, 84.0 27.0, 84.0 28.0, 83.0 28.0, 83.0 27.0)),West Bengal
44QMN,POLYGON ((83.0 28.0, 84.0 28.0, 84.0 29.0, 83.0 29.0, 83.0 28.0)),West Bengal
44QNN,POLYGON ((83.0 29.0, 84.0 29.0, 84.0 30.0, 83.0 30.0, 83.0 29.0)),West Bengal
44QPN,POLYGON ((83.0 30.0, 84.0 30.0, 84.0 31.0, 83.0 31.0, 83.0 30.0)),West Bengal
44QQN,POLYGON ((83.0 31.0, 84.0 31.0, 84.0 32.0, 83.0 32.0, 83.0 31.0)),West Bengal